<?xml version="1.0" encoding="UTF-8"?>
<!DOCTYPE cXML SYSTEM "http://svcdev6.ariba.com/schemas/cXML/1.2.032/InvoiceDetail.dtd">
<cXML payloadID="1484077967884-853732743284327422@10.163.0.249" timestamp="2017-01-10T11:52:47-08:00">
    <Header>
        <From>
            <Credential domain="NetworkID">
                <Identity>AN70000000004</Identity>

            </Credential>

        </From>
        <To>
            <Credential domain="NetworkID">
                <Identity>AN02004973330</Identity>

            </Credential>

        </To>
        <Sender>
            <Credential domain="NetworkID">
                <Identity>AN01000000001</Identity>
                <SharedSecret>welcome1a</SharedSecret>
            </Credential>

            <UserAgent>Supplier</UserAgent>
        </Sender>

    </Header>
    <Request deploymentMode="production">
        <InvoiceDetailRequest>
            <InvoiceDetailRequestHeader invoiceDate="2017-01-10T11:52:48-08:00" invoiceID="AN0112_1654" invoiceOrigin="supplier" operation="new" purpose="standard"><InvoiceDetailHeaderIndicator/><InvoiceDetailLineIndicator isAccountingInLine="yes"/>
                <InvoicePartner>
                    <Contact role="remitTo">
                        <Name xml:lang="en-US">JCN Technologies: Ariba Network</Name>
                        <PostalAddress>
                            <Street>3450 Industrial Park Road</Street><Street/><Street/><Street/>
                            <City>Austin</City>
                            <State>TX</State>
                            <PostalCode>78701</PostalCode>
                            <Country isoCountryCode="US">United States</Country>
                        </PostalAddress>
                    </Contact>
                </InvoicePartner>
                <InvoicePartner>
                    <Contact addressID="US006" role="billTo">
                        <Name xml:lang="en">New York Sales</Name>
                        <PostalAddress name="default">
                            <Street>4500 8th Avenue</Street>
                            <City>New York</City>
                            <State>NY</State>
                            <PostalCode>10037</PostalCode>
                            <Country isoCountryCode="US">United States</Country>
                        </PostalAddress>
                        <Phone name="work">
                            <TelephoneNumber>
                                <CountryCode isoCountryCode="US">1</CountryCode>
                                <AreaOrCityCode>212</AreaOrCityCode>
                                <Number>4156000</Number>
                            </TelephoneNumber>
                        </Phone>
                        <Fax name="work">
                            <TelephoneNumber>
                                <CountryCode isoCountryCode="US">1</CountryCode>
                                <AreaOrCityCode>212</AreaOrCityCode>
                                <Number>4156140</Number>
                            </TelephoneNumber>
                        </Fax>
                    </Contact>
                </InvoicePartner>
                <InvoicePartner>
                    <Contact addressID="cathyNov2-2011" role="from">
                        <Name xml:lang="en-US">JCN-AN.FromAddress</Name>
                        <PostalAddress>
                            <Street>4429 High Street</Street><Street/><Street/><Street/>
                            <City>san Jose</City>
                            <State>CA</State>
                            <PostalCode>95130</PostalCode>
                            <Country isoCountryCode="US">United States</Country>
                        </PostalAddress>
                    </Contact>
                </InvoicePartner>
                <InvoicePartner>
                    <Contact role="billFrom">
                        <Name xml:lang="en-US">JCN Technologies - do NOT edit (sunita2- 1/26/12)</Name>
                        <PostalAddress>
                            <Street>An der Welle 4</Street>
                            <Street>cathy edit 1/13/2012 test org sync</Street><Street/><Street/>
                            <City>Sunnyvale</City>
                            <State>CA</State>
                            <PostalCode>94089</PostalCode>
                            <Country isoCountryCode="US">United States</Country>
                        </PostalAddress>
                    </Contact>
                </InvoicePartner>
                <InvoicePartner>
                    <Contact role="soldTo">
                        <Name xml:lang="en-US">si-p2p-tesg</Name>
                        <PostalAddress>
                            <Street>123</Street>
                            <Street>palo alto</Street><Street/><Street/>
                            <City>palo alto</City>
                            <State>CA</State>
                            <PostalCode>95050</PostalCode>
                            <Country isoCountryCode="US">United States</Country>
                        </PostalAddress>
                    </Contact>
                </InvoicePartner>
                <InvoicePartner>
                    <Contact role="receivingBank">
                        <Name xml:lang="en-US">Test Bank Name</Name>
                    </Contact><IdReference domain="accountName" identifier="Test Account Name"/><IdReference domain="accountType" identifier="Checking"/><IdReference domain="branchName" identifier="Test Branch Name"/><IdReference domain="accountID" identifier="**3456"/><IdReference domain="bankRoutingID" identifier="123456"/></InvoicePartner>
                <InvoicePartner>
                    <Contact role="wireReceivingBank">
                        <Name xml:lang="en-US">Wire Bank Name</Name>
                    </Contact><IdReference domain="accountName" identifier="Wire Bank Account Name"/><IdReference domain="accountType" identifier="Checking"/><IdReference domain="accountID" identifier="****1234"/><IdReference domain="swiftID" identifier="Wire BankID 1234"/></InvoicePartner>
                <InvoiceDetailShipping>
                    <Contact role="shipFrom">
                        <Name xml:lang="en-US">JCN Technologies - do NOT edit (sunita2- 1/26/12)</Name>
                        <PostalAddress>
                            <Street>An der Welle 4</Street>
                            <Street>cathy edit 1/13/2012 test org sync</Street><Street/><Street/>
                            <City>Sunnyvale</City>
                            <State>CA</State>
                            <PostalCode>94089</PostalCode>
                            <Country isoCountryCode="US">United States</Country>
                        </PostalAddress>
                    </Contact>
                    <Contact addressID="US006" role="shipTo">
                        <Name xml:lang="en">New York Sales</Name>
                        <PostalAddress name="default">
                            <DeliverTo>Gene Halas</DeliverTo>
                            <DeliverTo>New York Sales</DeliverTo>
                            <Street>4500 8th Avenue</Street>
                            <City>New York</City>
                            <State>NY</State>
                            <PostalCode>10037</PostalCode>
                            <Country isoCountryCode="US">United States</Country>
                        </PostalAddress>
                        <Email name="Standardwert" preferredLang="en-US">nobody@ansmtp.ariba.com</Email>
                        <Phone name="work">
                            <TelephoneNumber>
                                <CountryCode isoCountryCode="US">1</CountryCode>
                                <AreaOrCityCode>212</AreaOrCityCode>
                                <Number>4156000</Number>
                            </TelephoneNumber>
                        </Phone>
                        <Fax name="work">
                            <TelephoneNumber>
                                <CountryCode isoCountryCode="US">1</CountryCode>
                                <AreaOrCityCode>212</AreaOrCityCode>
                                <Number>4156140</Number>
                            </TelephoneNumber>

                        </Fax>
                    </Contact>
                </InvoiceDetailShipping><PaymentTerm payInNumberOfDays="45"/>
                <PaymentTerm payInNumberOfDays="20">
                    <Discount><DiscountPercent percent="3"/></Discount>
                </PaymentTerm>
                <PaymentTerm payInNumberOfDays="30">
                    <Discount><DiscountPercent percent="2"/></Discount>
                </PaymentTerm>
                <Extrinsic name="supplierVatID">DE1234ID1</Extrinsic>
                <Extrinsic name="invoiceSourceDocument">PurchaseOrder</Extrinsic>
                <Extrinsic name="invoiceSubmissionMethod">Online</Extrinsic>
                <Extrinsic name="paymentMethod">wire</Extrinsic>
                <Extrinsic name="supplierCommercialIdentifier">CI1234354</Extrinsic>
                <Extrinsic name="supplierCommercialCredentials">This is Comm Credent</Extrinsic>
            </InvoiceDetailRequestHeader>
            <InvoiceDetailOrder>
                <InvoiceDetailOrderInfo>
                    <OrderReference orderID="PO10">
                        <DocumentReference payloadID="1484267871668.766722633.000000248@S4SxW/9u5XlhUklaIw5F49fpR9k="></DocumentReference>
                    </OrderReference>
                </InvoiceDetailOrderInfo>
                <InvoiceDetailItem invoiceLineNumber="1" quantity="1">
                    <UnitOfMeasure>EA</UnitOfMeasure>
                    <UnitPrice>
                        <Money currency="USD">8.95</Money>
                    </UnitPrice>
                    <InvoiceDetailItemReference lineNumber="1">
                        <ItemID>
                            <SupplierPartID>NEWHEIRARCHYabc230</SupplierPartID>
                        </ItemID>
                        <Description xml:lang="en">Monitor DB9M/F Extension</Description>
                        <ManufacturerPartID>abc230</ManufacturerPartID>
                        <ManufacturerName>Hallmark Cables</ManufacturerName>
                    </InvoiceDetailItemReference>
                    <SubtotalAmount>
                        <Money currency="USD">8.95</Money>
                    </SubtotalAmount>
                    <GrossAmount>
                        <Money currency="USD">8.95</Money>
                    </GrossAmount>
                    <NetAmount>
                        <Money currency="USD">8.95</Money>
                    </NetAmount>
                    <Distribution>
                        <Accounting name="DistributionCharge">
                            <AccountingSegment id="7752">
                                <Name xml:lang="en-US">Account</Name>
                                <Description xml:lang="en-US">ID</Description>
                            </AccountingSegment>
                            <AccountingSegment id="5008">
                                <Name xml:lang="en-US">SubAccount</Name>
                                <Description xml:lang="en-US">ID</Description>
                            </AccountingSegment>
                            <AccountingSegment id="US100">
                                <Name xml:lang="en-US">Purchasing Unit</Name>
                                <Description xml:lang="en-US">ID</Description>
                            </AccountingSegment>
                            <AccountingSegment id="3100">
                                <Name xml:lang="en-US">Cost Center</Name>
                                <Description xml:lang="en-US">ID</Description>
                            </AccountingSegment>
                            <AccountingSegment id="US100">
                                <Name xml:lang="en-US">Business Unit</Name>
                                <Description xml:lang="en-US">ID</Description>
                            </AccountingSegment>
                            <AccountingSegment id="100">
                                <Name xml:lang="en-US">Percentage</Name>
                                <Description xml:lang="en-US">Percentage</Description>
                            </AccountingSegment>
                            <AccountingSegment id="GD">
                                <Name xml:lang="en-US">Company</Name>
                                <Description xml:lang="en-US">ID</Description>
                            </AccountingSegment>
                            <AccountingSegment id="301">
                                <Name xml:lang="en-US">AccountingCombinationID</Name>
                                <Description xml:lang="en-US">AccountingCombinationID</Description>
                            </AccountingSegment>
                        </Accounting>
                        <Charge>
                            <Money currency="USD">26.85</Money>
                        </Charge>
                    </Distribution>
                    <Extrinsic name="punchinItemFromCatalog">no</Extrinsic>
                </InvoiceDetailItem>
            </InvoiceDetailOrder>
            <InvoiceDetailSummary>
                <SubtotalAmount>
                    <Money currency="USD">8.95</Money>
                </SubtotalAmount>
                <Tax>
                    <Money currency="USD">0.90</Money>
                    <Description xml:lang="en-US"></Description>
                    <TaxDetail category="vat" percentageRate="10" taxPointDate="2017-01-10T00:00:00-08:00">
                        <TaxableAmount>
                            <Money currency="USD">8.95</Money>
                        </TaxableAmount>
                        <TaxAmount>
                            <Money currency="USD">0.90</Money>
                        </TaxAmount>
                        <Description xml:lang="en-US">14599_desc</Description>
                    </TaxDetail>
                </Tax>
                <GrossAmount>
                    <Money currency="USD">9.85</Money>
                </GrossAmount>
                <NetAmount>
                    <Money currency="USD">9.85</Money>
                </NetAmount>
                <DueAmount>
                    <Money currency="USD">9.85</Money>
                </DueAmount>
            </InvoiceDetailSummary>
        </InvoiceDetailRequest>

    </Request>
</cXML>
